TP,FP,FN,TN,Recall,Precision,F-Measure,Specificity,RAND,NMI
123550,125,257507,139322788,0.32422971,0.99898929,0.48956674,0.9999991,0.99815587,0.5699523
