TP,FP,FN,TN,Recall,Precision,F-Measure,Specificity,RAND,NMI
38192,2,25411,12408910,0.60047482,0.99994764,0.7503561,0.99999984,0.99796248,0.67569138
