TP,FP,FN,TN,Recall,Precision,F-Measure,Specificity,RAND,NMI
16046,277,6142,12460041,0.7231837,0.98303008,0.83332035,0.99997777,0.99948576,0.8221232
