TP,FP,FN,TN,Recall,Precision,F-Measure,Specificity,RAND,NMI
3293,548,1077,3121332,0.75354691,0.85732882,0.80209475,0.99982446,0.99948021,0.82735339
