TP,FP,FN,TN,Recall,Precision,F-Measure,Specificity,RAND,NMI
9403,1881,7221,12478995,0.56562801,0.83330379,0.67385696,0.99984929,0.99927169,0.74770274
